Code	Title	Price
NHIA-021-001	NHIA-021-001 - Antral Washout	28000.00
NHIA-021-002	NHIA-021-002 - Aseptic Destruction of Labyrinth for Meniere's Disease	33600.00
NHIA-021-003	NHIA-021-003 - Audiometry	14000.00
NHIA-021-004	NHIA-021-004 - Electrocautery of Nose	28000.00
NHIA-021-005	NHIA-021-005 - Foreign Body Removal from Ear	7000.00
NHIA-021-006	NHIA-021-006 - Foreign Body Removal from Ingestion Airway	21000.00
NHIA-021-007	NHIA-021-007 - Foreign Body Removal from Oesophagus	21000.00
NHIA-021-008	NHIA-021-008 - Foreign Body Removal from Nose (Ordinary)	7000.00
NHIA-021-009	NHIA-021-009 - Foreign Body Removal from Nose (Under GA)	21000.00
NHIA-021-010	NHIA-021-010 - Foreign Body Removal from Throat	21000.00
NHIA-021-011	NHIA-021-011 - I&D of quinsy/retropharyngeal abscess/Ludwig angina	21000.00
NHIA-021-012	NHIA-021-012 - Indirect Laryngoscopy	21000.00
NHIA-021-013	NHIA-021-013 - Myringoplasty	42000.00
NHIA-021-014	NHIA-021-014 - Myringotomy; bilateral, unilateral, with grommet	28000.00
NHIA-021-015	NHIA-021-015 - Preauricular Sinus repair	25200.00
NHIA-021-016	NHIA-021-016 - Sinus Antroscopy	21000.00
NHIA-021-017	NHIA-021-017 - Staples Mobilisation	25200.00
NHIA-021-018	NHIA-021-018 - Tympanometry	14000.00
NHIA-021-019	NHIA-021-019 - Ear Syringing per ear	3500.00
NHIA-022-001	NHIA-022-001 - Antrostomy - Nasal Sinus Surgery (e.g., middle/inferior meatal/ Caldwell Luc)	42000.00
NHIA-022-002	NHIA-022-002 - Aural Polypectomy = Clinic + Biopsy	42000.00
NHIA-022-003	NHIA-022-003 - Cortical Mastoidectomy	42000.00
NHIA-022-004	NHIA-022-004 - Cryosurgery	42000.00
NHIA-022-005	NHIA-022-005 - Direct Laryngoscopy (Under GA)	42000.00
NHIA-022-006	NHIA-022-006 - EUA Nasopharynx + Biopsy	42000.00
NHIA-022-007	NHIA-022-007 - EUA Oropharynx/Hypopharynx, Larynx + biopsy	42000.00
NHIA-022-008	NHIA-022-008 - Excision of Nasomaxillary mass	42000.00
NHIA-022-009	NHIA-022-009 - Lateral Rhinotomy	42000.00
NHIA-022-010	NHIA-022-010 - Meatoplasty (for Traumatic Meatus Atresia)	42000.00
NHIA-022-011	NHIA-022-011 - Nasal Polypectomy	42000.00
NHIA-022-012	NHIA-022-012 - Oesophagoscopy	35000.00
NHIA-022-013	NHIA-022-013 - Emergency Oesophagoscopy + FB Removal	42000.00
NHIA-022-014	NHIA-022-014 - Partial Amputation of the pinna	42000.00
NHIA-022-015	NHIA-022-015 - Septoplasty	35000.00
NHIA-022-016	NHIA-022-016 - Tonsillectomy/Adenotonsilectomy	42000.00
NHIA-022-017	NHIA-022-017 - Turbinectomy	42000.00
NHIA-022-018	NHIA-022-018 - Young's Operation	35000.00
NHIA-023-001	NHIA-023-001 - Anterior Ethmoidal Artery ligation	84000.00
NHIA-023-002	NHIA-023-002 - Arytenoidectomy	84000.00
NHIA-023-003	NHIA-023-003 - Dacryocystorhinostomy (DCR)	84000.00
NHIA-023-004	NHIA-023-004 - Ethmoidectomy; Fronto, External	84000.00
NHIA-023-005	NHIA-023-005 - Internal Auditory Meatus Surgery	84000.00
NHIA-023-006	NHIA-023-006 - Intranasal ethmoidectomy	84000.00
NHIA-023-007	NHIA-023-007 - Labyrinthectomy	84000.00
NHIA-023-008	NHIA-023-008 - Laryngeal Stenosis, Laryngocele, Abductor Paralysis, Laryngo-Fissure	84000.00
NHIA-023-009	NHIA-023-009 - Laryngectomy (All types)	210000.00
NHIA-023-010	NHIA-023-010 - Laryngoplasty	84000.00
NHIA-023-011	NHIA-023-011 - Mastoid Surgery/Mastoidectomy	84000.00
NHIA-023-012	NHIA-023-012 - Muscle Grafting to Mastoid Cavity	84000.00
NHIA-023-013	NHIA-023-013 - Neck exploration for penetrating neck Injury	210000.00
NHIA-023-014	NHIA-023-014 - Parapharyngeal Excision/I&D/Tumour excision	84000.00
NHIA-023-015	NHIA-023-015 - Pharyngoplasty	84000.00
NHIA-023-016	NHIA-023-016 - Posterior Canal Reconstruction After Radical Mastoidectomy	84000.00
NHIA-023-017	NHIA-023-017 - Rhinoplasty	84000.00
NHIA-023-018	NHIA-023-018 - Stapedial Surgery for Otosclerosis/Stapedectomy	91000.00
NHIA-023-019	NHIA-023-019 - Styloidectomy	84000.00
NHIA-023-020	NHIA-023-020 - Tympanoplasty	87500.00
NHIA-023-021	NHIA-023-021 - Vidian Neurectomy	84000.00
NHIA-030-001	NHIA-030-001 - Antenatal care	14000.00
NHIA-030-002	NHIA-030-002 - Normal Delivery	14000.00
NHIA-030-003	NHIA-030-003 - Delivery of Multiple Pregnancy	21000.00
NHIA-031-001	NHIA-031-001 - Cervical Polypectomy	28000.00
NHIA-031-002	NHIA-031-002 - Cervical Cone Biopsy	28000.00
NHIA-031-003	NHIA-031-003 - Colposcopy	28000.00
NHIA-031-004	NHIA-031-004 - D&C / Evacuation of Retained Products of Conception	28000.00
NHIA-031-005	NHIA-031-005 - Destructive delivery (Cranioembryotomy)	28000.00
NHIA-031-006	NHIA-031-006 - Excision / Diathermy of Warts	28000.00
NHIA-031-007	NHIA-031-007 - Excision of Vaginal Septum	28000.00
NHIA-031-008	NHIA-031-008 - Hysteroscopy	35000.00
NHIA-031-009	NHIA-031-009 - Labial Cyst	28000.00
NHIA-031-010	NHIA-031-010 - Laparoscopy + Dye Test	35000.00
NHIA-031-011	NHIA-031-011 - Marsupialization (Bartholin’s Cyst)	35000.00
NHIA-031-012	NHIA-031-012 - Pap Smear Procedure	7000.00
NHIA-031-013	NHIA-031-013 - Repair of Episiotomy	14000.00
NHIA-031-014	NHIA-031-014 - Uterine Evacuation	28000.00
NHIA-031-015	NHIA-031-015 - Vaginal Cyst Enucleation (Under LA)	28000.00
NHIA-031-016	NHIA-031-016 - Vaginal Cyst Enucleation (Under GA)	70000.00
NHIA-032-001	NHIA-032-001 - Cervical Cerclage/Shirodkar Suture	56000.00
NHIA-032-002	NHIA-032-002 - Colporrhaphy - Vaginal wall repair/Colpoperineorrhaphy	49000.00
NHIA-032-003	NHIA-032-003 - Diagnostic Laparoscopy	49000.00
NHIA-032-004	NHIA-032-004 - Laparoscopy (therapeutic)	70000.00
NHIA-032-005	NHIA-032-005 - Hydrotubation	42000.00
NHIA-032-006	NHIA-032-006 - Hymenectomy and repair of Hymen	42000.00
NHIA-032-007	NHIA-032-007 - Instrumental Delivery (Forceps, Vacuum Extraction)	42000.00
NHIA-032-008	NHIA-032-008 - Mini Laparotomy	56000.00
NHIA-032-009	NHIA-032-009 - Repair of Third-Degree Tear	28000.00
NHIA-033-001	NHIA-033-001 - Amputation of the Cervix	77000.00
NHIA-033-002	NHIA-033-002 - Bilateral Tubal Ligation	77000.00
NHIA-033-003	NHIA-033-003 - Broad Ligament Haematoma	77000.00
NHIA-033-004	NHIA-033-004 - Caesarean Section, (elective, emergency, single live born, twin etc)	98000.00
NHIA-033-005	NHIA-033-005 - Caesarean Section with Bilateral Tubal Ligation	112000.00
NHIA-033-006	NHIA-033-006 - Caesarean Section with Hysterectomy	126000.00
NHIA-033-007	NHIA-033-007 - Cervical Cautery	77000.00
NHIA-033-008	NHIA-033-008 - Wedge Resection of The Ovary	98000.00
NHIA-033-009	NHIA-033-009 - Examination Under Anaesthesia (EUA)	77000.00
NHIA-033-010	NHIA-033-010 - Hysterectomy And Bilateral Salpingo-Oophorectomy (Abdominal/Vaginal))	140000.00
NHIA-033-011	NHIA-033-011 - Hysterectomy/Manchester Repair (all types)	95200.00
NHIA-033-012	NHIA-033-012 - Laparotomy Diagnostic / Therapeutic, Inter- Sex	95200.00
NHIA-033-013	NHIA-033-013 - Myomectomy (Abdominal)	105000.00
NHIA-033-014	NHIA-033-014 - Ovarian Biopsy	95200.00
NHIA-033-015	NHIA-033-015 - Ovarectomy/Oophrectomy	95200.00
NHIA-033-016	NHIA-033-016 - Pelvic Haematocele	95200.00
NHIA-033-017	NHIA-033-017 - Pelvic/Abdominal Abscess Drainage	84000.00
NHIA-033-018	NHIA-033-018 - Reconstruction of Vagina (e.g. Secondary to Vaginal Atresia)	105000.00
NHIA-033-019	NHIA-033-019 - Reconstruction Surgery E.G Straussman Operation	105000.00
NHIA-033-020	NHIA-033-020 - Rectovaginal Fistula Repair	105000.00
NHIA-033-021	NHIA-033-021 - Repair of Inverted Uterus	105000.00
NHIA-033-022	NHIA-033-022 - Repair of Perforated Uterus	105000.00
NHIA-033-023	NHIA-033-023 - Repair of Ruptured Uterus	105000.00
NHIA-033-024	NHIA-033-024 - Salpingectomy (e.g for Ectopic Pregnancy)	91000.00
NHIA-033-025	NHIA-033-025 - Salpingo-Oophorectomy	95200.00
NHIA-033-026	NHIA-033-026 - Tubal Reconstruction	105000.00
NHIA-033-027	NHIA-033-027 - Ureterovaginal Fistula Repair	98000.00
NHIA-033-028	NHIA-033-028 - Uterovesical Fistula Repair	98000.00
NHIA-033-029	NHIA-033-029 - Vaginoclesis	98000.00
NHIA-033-030	NHIA-033-030 - Ventrosuspension of The Bladder	105000.00
NHIA-033-031	NHIA-033-031 - Ventrosuspension Procedures of Correction of Uterine Prolapse	95200.00
NHIA-033-032	NHIA-033-032 - Vulvectomy	95200.00
NHIA-040-001	NHIA-040-001 - Aspiration	3500.00
NHIA-040-002	NHIA-040-002 - Aspirations (USS guided)	7000.00
NHIA-040-003	NHIA-040-003 - Diagnostic Paracentesis	3500.00
NHIA-040-004	NHIA-040-004 - Haemodialysis/Haemodiafiltration/Peritoneal Dialysis (50:50 partial coverage; up to 6 sessions)	36400.00
NHIA-040-005	NHIA-040-005 - Therapeutic Paracentesis	14000.00
NHIA-040-007	NHIA-040-007 - Bed Fee (per day)	1400.00
NHIA-040-008	NHIA-040-008 - Nursing Care (per day)	1400.00
NHIA-040-009	NHIA-040-009 - Mechanical ventilation (per day)	7000.00
NHIA-040-010	NHIA-040-010 - Oxygen Therapy (per day) (ICU)	14000.00
NHIA-040-011	NHIA-040-011 - Central Venous Cannulation (per session)	14000.00
NHIA-040-012	NHIA-040-012 - Endotracheal Intubation (per session)	7000.00
NHIA-040-013	NHIA-040-013 - Trans Thoracic Echocardiography	14000.00
NHIA-040-014	NHIA-040-014 - Electrocardiography (ECG)	7000.00
NHIA-040-015	NHIA-040-015 - Electro-Encephalography (EEG)	21000.00
NHIA-040-016	NHIA-040-016 - 24 Hour ECG (Holter ECG)	21000.00
NHIA-040-017	NHIA-040-017 - Exercise ECG	10500.00
NHIA-040-018	NHIA-040-018 - Ambulatory BP Monitoring	7000.00
NHIA-040-019	NHIA-040-019 - Gastric Lavage	3500.00
NHIA-040-020	NHIA-040-020 - Lumbar Puncture	3500.00
NHIA-040-021	NHIA-040-021 - Lung Function Test	7000.00
NHIA-040-022	NHIA-040-022 - Nebulisation (per session)	2800.00
NHIA-040-023	NHIA-040-023 - Oxygen Therapy (per day)	14000.00
NHIA-040-024	NHIA-040-024 - Oxygen Therapy (per hour)	700.00
NHIA-040-025	NHIA-040-025 - Tissue Biopsy (other than skin)	14000.00
NHIA-040-026	NHIA-040-026 - Skin Biopsy	7000.00
NHIA-040-027	NHIA-040-027 - Bone Marrow Biopsy	14000.00
NHIA-051-001	NHIA-051-001 - Above Knee POP Cast	14000.00
NHIA-051-002	NHIA-051-002 - Cylinder POP Cast	14000.00
NHIA-051-003	NHIA-051-003 - Below Knee POP Cast	14000.00
NHIA-051-004	NHIA-051-004 - Boot POP Cast	14000.00
NHIA-051-005	NHIA-051-005 - Above Knee Back Slab	14000.00
NHIA-051-006	NHIA-051-006 - Below Knee Back Slab	14000.00
NHIA-051-007	NHIA-051-007 - Above Elbow POP Cast	14000.00
NHIA-051-008	NHIA-051-008 - Below Elbow POP Cast	14000.00
NHIA-051-009	NHIA-051-009 - U- Shaped POP Cast	14000.00
NHIA-051-010	NHIA-051-010 - U- Shaped POP Back Slap	14000.00
NHIA-051-011	NHIA-051-011 - Hanging Cast	14000.00
NHIA-051-012	NHIA-051-012 - Hip Spica POP Cast	21000.00
NHIA-051-013	NHIA-051-013 - Mineaur Jacket POP Cast	21000.00
NHIA-051-014	NHIA-051-014 - Thoracolumbar POP Cast	21000.00
NHIA-051-015	NHIA-051-015 - MUA & POP Application	21000.00
NHIA-051-016	NHIA-051-016 - Above Knee POP Cast	14000.00
NHIA-051-017	NHIA-051-017 - Cylinder POP Cast	14000.00
NHIA-051-018	NHIA-051-018 - Below Knee POP Cast	21000.00
NHIA-051-019	NHIA-051-019 - Boot POP Cast	3500.00
NHIA-052-001	NHIA-052-001 - Amputation - Fingers	25200.00
NHIA-052-002	NHIA-052-002 - Amputation - Toes	25200.00
NHIA-052-003	NHIA-052-003 - Excision biopsy	21000.00
NHIA-052-004	NHIA-052-004 - Knee Effusion Tap	21000.00
NHIA-052-005	NHIA-052-005 - Surgical Release in Stenosing Tenosynovitis	25200.00
NHIA-052-006	NHIA-052-006 - Synovectomy	25200.00
NHIA-052-007	NHIA-052-007 - Grafting of minor amputation	35000.00
NHIA-053-001	NHIA-053-001 - Closed Reduction of Fracture	42000.00
NHIA-053-002	NHIA-053-002 - Drainage of Septic Arthritis	42000.00
NHIA-053-003	NHIA-053-003 - Exostectomy/Bunionectomy	42000.00
NHIA-053-004	NHIA-053-004 - Saucerization of Chronically Infected Bone	42000.00
NHIA-053-005	NHIA-053-005 - Sequestrectomy	42000.00
NHIA-053-006	NHIA-053-006 - Simple Congenital Talipes Repair	42000.00
NHIA-053-007	NHIA-053-007 - Skin Traction (Application)	4200.00
NHIA-053-008	NHIA-053-008 - Subperiosteal Drainage of Acute Osteomyelitis	35000.00
NHIA-053-009	NHIA-053-009 - Surgical Correction of Dupuytren's Contracture	35000.00
NHIA-053-010	NHIA-053-010 - Syndactylysis	21000.00
NHIA-053-011	NHIA-053-011 - Pollicization of The Index Finger	42000.00
NHIA-053-012	NHIA-053-012 - Carpal Tunnel Release	98000.00
NHIA-054-025	NHIA-054-025 - Removal of Implant	98000.00
NHIA-054-001	NHIA-054-001 - Amputation and Disarticulation of Joints	140000.00
NHIA-054-002	NHIA-054-002 - Amputation and Limb Substitution	140000.00
NHIA-054-003	NHIA-054-003 - Anterior and Posterior Spine Fixation	140000.00
NHIA-054-004	NHIA-054-004 - Arthrodesis	140000.00
NHIA-054-005	NHIA-054-005 - Arthroplasty	140000.00
NHIA-054-006	NHIA-054-006 - Arthrotomy (+ Synovectomy)	140000.00
NHIA-054-007	NHIA-054-007 - Bone Grafting	35000.00
NHIA-054-008	NHIA-054-008 - Foot	140000.00
NHIA-054-009	NHIA-054-009 - Fore- Arm	140000.00
NHIA-054-010	NHIA-054-010 - Hand	140000.00
NHIA-054-011	NHIA-054-011 - Leg	140000.00
NHIA-054-012	NHIA-054-012 - Pectoral Girdle	140000.00
NHIA-054-013	NHIA-054-013 - Pelvic Girdle	140000.00
NHIA-054-014	NHIA-054-014 - Ribs	140000.00
NHIA-054-015	NHIA-054-015 - Thigh	140000.00
NHIA-054-016	NHIA-054-016 - Upper Arm	140000.00
NHIA-054-017	NHIA-054-017 - Spinal Column	210000.00
NHIA-054-018	NHIA-054-018 - Osteoclasis, Internal Fixation of Mal-union	140000.00
NHIA-054-019	NHIA-054-019 - Reconstruction Surgeries: Acromium, Head of Femur etc	140000.00
NHIA-054-020	NHIA-054-020 - Surgical Repair of Congenital Talipes Equanovarus/ Valgus	140000.00
NHIA-054-021	NHIA-054-021 - Tendon Grafting	140000.00
NHIA-054-022	NHIA-054-022 - Tendon Transplant	140000.00
NHIA-054-023	NHIA-054-023 - Decompression of Carpal Tunnel Syndrome	140000.00
NHIA-054-024	NHIA-054-024 - Tenoplasty	140000.00
NHIA-061-001	NHIA-061-001 - Adventitious Bursae - Excision	28000.00
NHIA-061-002	NHIA-061-002 - Bakers Cyst - Excision	28000.00
NHIA-061-003	NHIA-061-003 - Biopsy of Oesophageal Mass	28000.00
NHIA-061-004	NHIA-061-004 - Biopsy of Prostate	28000.00
NHIA-061-005	NHIA-061-005 - Biopsy of Tumour of Abdominal Wall	28000.00
NHIA-061-006	NHIA-061-006 - Bursa - Excision	28000.00
NHIA-061-007	NHIA-061-007 - Catheterization of Urinary Bladder per session (up to three sessions annually)	28000.00
NHIA-061-008	NHIA-061-008 - Cervical Lymph nodes - Excision	28000.00
NHIA-061-009	NHIA-061-009 - Circumcision of the Grown-Up	28000.00
NHIA-061-010	NHIA-061-010 - Debridement And Toilet of Wounds	28000.00
NHIA-061-011	NHIA-061-011 - Dermoid Cyst Excision	28000.00
NHIA-061-012	NHIA-061-012 - Dissection of Inguinal Nodes	28000.00
NHIA-061-013	NHIA-061-013 - Dorsal Slit and Reduction of Paraphimosis	28000.00
NHIA-061-014	NHIA-061-014 - Electrofulguration of Condylomata Acuminata	28000.00
NHIA-061-015	NHIA-061-015 - Excision of Breast Lump	28000.00
NHIA-061-016	NHIA-061-016 - Excision of Intrascrostal Mass	28000.00
NHIA-061-017	NHIA-061-017 - Excision of Neurofibroma	28000.00
NHIA-061-018	NHIA-061-018 - Excision of Tophi	28000.00
NHIA-061-019	NHIA-061-019 - Excision of Fibroadenoma of the Breast - Unilateral	28000.00
NHIA-061-020	NHIA-061-020 - Ganglion - Excision	28000.00
NHIA-061-021	NHIA-061-021 - Gastroduodenoscopy/ Endoscopies	28000.00
NHIA-061-022	NHIA-061-022 - Granuloma - Excision	28000.00
NHIA-061-023	NHIA-061-023 - Herniotomy	28000.00
NHIA-061-024	NHIA-061-024 - Incision And Drainage of Abscess	28000.00
NHIA-061-025	NHIA-061-025 - Infected Bunion Foot - Excision	28000.00
NHIA-061-026	NHIA-061-026 - In-growing Toenail (Excision)	28000.00
NHIA-061-027	NHIA-061-027 - Intercostals Drainage Insertion (Chest tube Insertion) Closed tube thoracothomy Drainage	28000.00
NHIA-061-028	NHIA-061-028 - Lipectomy	28000.00
NHIA-061-029	NHIA-061-029 - Liver/ Kidney/ Bone Marrow Biopsy	28000.00
NHIA-061-030	NHIA-061-030 - Lords Procedure (Fissure-in-Ano)	35000.00
NHIA-061-031	NHIA-061-031 - Lumpectomy – Excision	28000.00
NHIA-061-032	NHIA-061-032 - Oesophagoscopy for foreign body removal	35000.00
NHIA-061-033	NHIA-061-033 - Paracentesis (A/C Wash Out)	28000.00
NHIA-061-034	NHIA-061-034 - Pericardiocentesis	28000.00
NHIA-061-035	NHIA-061-035 - Priapism, Shunt Procedure All Types	32200.00
NHIA-061-036	NHIA-061-036 - Proctoscopy	28000.00
NHIA-061-037	NHIA-061-037 - Punch Biopsy	14000.00
NHIA-061-038	NHIA-061-038 - Rectal Dilation	28000.00
NHIA-061-039	NHIA-061-039 - Sebaceous Cyst - Excision	28000.00
NHIA-061-040	NHIA-061-040 - Sigmoidoscopy	28000.00
NHIA-061-041	NHIA-061-041 - Sinus - Excision	28000.00
NHIA-061-042	NHIA-061-042 - Surgical Drainage in Haematoma of Rectus Abdominis	28000.00
NHIA-061-043	NHIA-061-043 - Surgical Drainage of Anal Abscess	28000.00
NHIA-061-044	NHIA-061-044 - Surgical Drainage of Galactocoele	28000.00
NHIA-061-045	NHIA-061-045 - Surgical Release of Stenosing Tenosynovitis	28000.00
NHIA-061-046	NHIA-061-046 - Suture of Major Wounds	28000.00
NHIA-061-047	NHIA-061-047 - Syndactylus	28000.00
NHIA-061-048	NHIA-061-048 - Testicular Biopsy	28000.00
NHIA-061-049	NHIA-061-049 - Varicocoelectomy	28000.00
NHIA-062-001	NHIA-062-001 - Anal Fistulectomy Repair	56000.00
NHIA-062-002	NHIA-062-002 - Anal Sphincteroplasty	56000.00
NHIA-062-003	NHIA-062-003 - Anorectoplasty	56000.00
NHIA-062-004	NHIA-062-004 - Appendicectomy	49000.00
NHIA-062-005	NHIA-062-005 - Bilateral Cutaneous Ureterostomy	56000.00
NHIA-062-006	NHIA-062-006 - Bilateral Ureteoenterostomy	56000.00
NHIA-062-007	NHIA-062-007 - Branchial Fistula	49000.00
NHIA-062-008	NHIA-062-008 - Bronchial Cyst	49000.00
NHIA-062-009	NHIA-062-009 - Bronchoscopy	49000.00
NHIA-062-010	NHIA-062-010 - Cystic Hygroma Excision	49000.00
NHIA-062-011	NHIA-062-011 - Cystourethroscopy	49000.00
NHIA-062-012	NHIA-062-012 - Drainage of Ischio Rectal Abscess	49000.00
NHIA-062-013	NHIA-062-013 - Drainage of Psoas Abscess	49000.00
NHIA-062-014	NHIA-062-014 - Enterocele Or Vault Prolapse Repair	49000.00
NHIA-062-015	NHIA-062-015 - Epididectomy	49000.00
NHIA-062-016	NHIA-062-016 - Evacuation of Scrotal Hematoma	49000.00
NHIA-062-017	NHIA-062-017 - Excision Bronchial Sinus	49000.00
NHIA-062-018	NHIA-062-018 - Excision Mammary Fistula	49000.00
NHIA-062-019	NHIA-062-019 - Excision of Urethral Carbuncle	49000.00
NHIA-062-020	NHIA-062-020 - Excision Pilonidal Sinus	49000.00
NHIA-062-021	NHIA-062-021 - Excision of Haemangiomas	49000.00
NHIA-062-022	NHIA-062-022 - Facial Decompression	49000.00
NHIA-062-023	NHIA-062-023 - Fibroadenoma - Bilateral (Bilateral Breast Mass Excision)	49000.00
NHIA-062-024	NHIA-062-024 - Fibroma - Excision	49000.00
NHIA-062-025	NHIA-062-025 - Fissurectomy	49000.00
NHIA-062-026	NHIA-062-026 - Fistula In - Ano Repair	49000.00
NHIA-062-027	NHIA-062-027 - Fistula Repair	49000.00
NHIA-062-028	NHIA-062-028 - Fistulectomy	49000.00
NHIA-062-029	NHIA-062-029 - Fulguration (Anal, Penile, Perineal)	49000.00
NHIA-062-030	NHIA-062-030 - Haemangioma - Excision	49000.00
NHIA-062-031	NHIA-062-031 - Haemorrhoidectomy	49000.00
NHIA-062-032	NHIA-062-032 - Herniorrhaphies (all types)	49000.00
NHIA-062-033	NHIA-062-033 - Hiatus Herniorrhaphy	49000.00
NHIA-062-034	NHIA-062-034 - Hydrocoelectomy	49000.00
NHIA-062-035	NHIA-062-035 - Inguinal Node (bulk dissection) Axial	49000.00
NHIA-062-036	NHIA-062-036 - Injection Sclerotherapy of Varicose Veins (minor)	49000.00
NHIA-062-037	NHIA-062-037 - Low Fistulectomy	49000.00
NHIA-062-038	NHIA-062-038 - McIndoe Procedure	49000.00
NHIA-062-039	NHIA-062-039 - Oesophagoscopy	49000.00
NHIA-062-040	NHIA-062-040 - Orchidectomy	49000.00
NHIA-062-041	NHIA-062-041 - Orchidopexy	49000.00
NHIA-062-042	NHIA-062-042 - Papilloma Rectum - Excision	49000.00
NHIA-062-043	NHIA-062-043 - Polypectomy (Cervical)	49000.00
NHIA-062-044	NHIA-062-044 - Rectal polyp	49000.00
NHIA-062-045	NHIA-062-045 - Scrotal Swelling (Multiple) - Excision	49000.00
NHIA-062-046	NHIA-062-046 - Skin Grafting	49000.00
NHIA-062-047	NHIA-062-047 - Submandibular Lymphs - Excision	49000.00
NHIA-062-048	NHIA-062-048 - Suprapubic Cystostomy	49000.00
NHIA-062-049	NHIA-062-049 - Surgery of Torsion of Spermatic Cord	49000.00
NHIA-062-050	NHIA-062-050 - Surgical corrections of Duputytren's contracture	49000.00
NHIA-062-051	NHIA-062-051 - Umbilical Sinus - Excision	49000.00
NHIA-062-052	NHIA-062-052 - Vasectomy	49000.00
NHIA-063-001	NHIA-063-001 - Abdominal Rectopexy	105000.00
NHIA-063-002	NHIA-063-002 - Abdomino-Perineal Resection	105000.00
NHIA-063-003	NHIA-063-003 - Adrenalectomy	105000.00
NHIA-063-004	NHIA-063-004 - Anal Pull Through	105000.00
NHIA-063-005	NHIA-063-005 - Appendicular Abscess - Drainage	105000.00
NHIA-063-006	NHIA-063-006 - Appendicular Perforation	105000.00
NHIA-063-007	NHIA-063-007 - Axillary Dissection of Breast	105000.00
NHIA-063-008	NHIA-063-008 - Biopsy of Retroperitoneal Tumor	105000.00
NHIA-063-009	NHIA-063-009 - Broad Ligament Haematoma Evacuation	105000.00
NHIA-063-010	NHIA-063-010 - Burst Abdomen Repair	105000.00
NHIA-063-011	NHIA-063-011 - Caecopexy	105000.00
NHIA-063-012	NHIA-063-012 - Cavernospongiosum Shunt	105000.00
NHIA-063-013	NHIA-063-013 - Cholecystectomy	105000.00
NHIA-063-014	NHIA-063-014 - Cholecystectomy & Exploration	105000.00
NHIA-063-015	NHIA-063-015 - Choledochal Cystojejunostomy	105000.00
NHIA-063-016	NHIA-063-016 - Choledocho Jejunostomy	105000.00
NHIA-063-017	NHIA-063-017 - Choledochostomy	105000.00
NHIA-063-018	NHIA-063-018 - Closure of Hollow Viscus Perforation	105000.00
NHIA-063-019	NHIA-063-019 - Colectomy-Partial or Total	105000.00
NHIA-063-020	NHIA-063-020 - Colon Reconstruction After Hartmann's Procedure	105000.00
NHIA-063-021	NHIA-063-021 - Colostomy Construction/Closure	105000.00
NHIA-063-022	NHIA-063-022 - Commando Operation	140000.00
NHIA-063-023	NHIA-063-023 - Condilectomy	105000.00
NHIA-063-024	NHIA-063-024 - Continent Ileostomy Pouch	126000.00
NHIA-063-025	NHIA-063-025 - Corporosavenous Shunt	105000.00
NHIA-063-026	NHIA-063-026 - Craniotomy	105000.00
NHIA-063-027	NHIA-063-027 - Cricopharyngeal Myotomy	105000.00
NHIA-063-028	NHIA-063-028 - Cystectomy Partial/Total	105000.00
NHIA-063-029	NHIA-063-029 - Excision of Cystic/Fibrous Dysplasia	105000.00
NHIA-063-030	NHIA-063-030 - Cystolithotomy	105000.00
NHIA-063-031	NHIA-063-031 - Decortication	105000.00
NHIA-063-032	NHIA-063-032 - Diaphragmatic Hernia Repair	105000.00
NHIA-063-033	NHIA-063-033 - Dissection of the Mediastinum	105000.00
NHIA-063-034	NHIA-063-034 - Diverticulectomy	105000.00
NHIA-063-035	NHIA-063-035 - Drainage of Gastric Abscess	105000.00
NHIA-063-036	NHIA-063-036 - Drainage of Hepatic Abscess	105000.00
NHIA-063-037	NHIA-063-037 - Drainage of Subdiaphramatic Abscess	105000.00
NHIA-063-038	NHIA-063-038 - Drainage of Pericardial Effusion	105000.00
NHIA-063-039	NHIA-063-039 - Duodenal Diverticulum	105000.00
NHIA-063-040	NHIA-063-040 - Duodeno- Jejunostomy	105000.00
NHIA-063-041	NHIA-063-041 - Duodenectomy	105000.00
NHIA-063-042	NHIA-063-042 - Ectopic Parathyroidectomy	105000.00
NHIA-063-043	NHIA-063-043 - Encephalocoele Excision	105000.00
NHIA-063-044	NHIA-063-044 - Enterostomy	105000.00
NHIA-063-045	NHIA-063-045 - Excision Meckel’s Diverticulum	105000.00
NHIA-063-046	NHIA-063-046 - Excision of Liver Abscess	105000.00
NHIA-063-047	NHIA-063-047 - Excision of Lymphoedematous Lymph Tissues	105000.00
NHIA-063-048	NHIA-063-048 - Excision of Pelvi-Rectal Fistula	105000.00
NHIA-063-049	NHIA-063-049 - Exploratory Laparatomy/Lysis of Adhesions	105000.00
NHIA-063-050	NHIA-063-050 - Extensive (Small and Large) Bowel Resection and Anastomoses	105000.00
NHIA-063-051	NHIA-063-051 - Fissurectomy and Haemorrhoidectomy	105000.00
NHIA-063-052	NHIA-063-052 - Fissurectomy with Eversion of Sac -	105000.00
NHIA-063-053	NHIA-063-053 - Foreign Body Removal in Deep Region	105000.00
NHIA-063-054	NHIA-063-054 - Fundoplication	105000.00
NHIA-063-055	NHIA-063-055 - Gastrectomy- Partial/Total	105000.00
NHIA-063-056	NHIA-063-056 - Gastroenterostomy	105000.00
NHIA-063-057	NHIA-063-057 - Gastrojejunostomy	105000.00
NHIA-063-058	NHIA-063-058 - Gastrotomy	105000.00
NHIA-063-059	NHIA-063-059 - Glossectomy-Partial/Total	105000.00
NHIA-063-060	NHIA-063-060 - Grahams Operation	105000.00
NHIA-063-061	NHIA-063-061 - Haemorrhoidectomy+ Fistulectomy	105000.00
NHIA-063-062	NHIA-063-062 - Heller's Procedure	105000.00
NHIA-063-063	NHIA-063-063 - Hemi Glossectomy	105000.00
NHIA-063-064	NHIA-063-064 - Hemicolectomy	105000.00
NHIA-063-065	NHIA-063-065 - Heminephrectomy	105000.00
NHIA-063-066	NHIA-063-066 - Hemithyroplasty	105000.00
NHIA-063-067	NHIA-063-067 - Hepatic Resection (Lobectomy)	105000.00
NHIA-063-068	NHIA-063-068 - Hepatic Segmentectomy	105000.00
NHIA-063-069	NHIA-063-069 - Herniorrhaphy and Hydrocelectomy (Sac Excision)	105000.00
NHIA-063-070	NHIA-063-070 - Drainage/excision Hydatid Cyst of Liver / Liver Drainage	105000.00
NHIA-063-071	NHIA-063-071 - Hydrocelectomy + Orchidectomy	105000.00
NHIA-063-072	NHIA-063-072 - Hypospadiacs Repair	105000.00
NHIA-063-073	NHIA-063-073 - Ileostomy	105000.00
NHIA-063-074	NHIA-063-074 - Ileostomy Pouch Revision	105000.00
NHIA-063-075	NHIA-063-075 - Ilieo Sigmoidostomy	105000.00
NHIA-063-076	NHIA-063-076 - Intussusception Operation	105000.00
NHIA-063-077	NHIA-063-077 - Jejunostomy	105000.00
NHIA-063-078	NHIA-063-078 - Laparotomy	105000.00
NHIA-063-079	NHIA-063-079 - Laryngectomy & Pharyngeal Diverticulum (Throat)	105000.00
NHIA-063-080	NHIA-063-080 - Laryngectomy with Block Dissection (Throat)	105000.00
NHIA-063-081	NHIA-063-081 - Laryngo Fissure (Throat)	105000.00
NHIA-063-082	NHIA-063-082 - Laryngopharyngectomy (Throat)	105000.00
NHIA-063-083	NHIA-063-083 - Ligation of Hepatic/Left Gastric Splenic Artery	105000.00
NHIA-063-084	NHIA-063-084 - Local Resection of Pelvic Tumour	105000.00
NHIA-063-085	NHIA-063-085 - Longitudinal Pancreatojejunostomy	105000.00
NHIA-063-086	NHIA-063-086 - Lymphatic Channel Transplantation	105000.00
NHIA-063-087	NHIA-063-087 - Mastectomy	105000.00
NHIA-063-088	NHIA-063-088 - Meckel's Diverticulectomy	105000.00
NHIA-063-089	NHIA-063-089 - Mesenteric Caval Anastomosis	105000.00
NHIA-063-090	NHIA-063-090 - Mesenteric Cyst - Excision	105000.00
NHIA-063-091	NHIA-063-091 - Nephrectomy	105000.00
NHIA-063-092	NHIA-063-092 - Nephrolithotomy	105000.00
NHIA-063-093	NHIA-063-093 - Oddis Sphincteroplasty	105000.00
NHIA-063-094	NHIA-063-094 - Oesophageal, 2 & 3 Stage, Thoraco-Abdominal, Fistula Repair	105000.00
NHIA-063-095	NHIA-063-095 - Oesophageal Atresia and Tracheo-Oesophageal Fistula Repair	105000.00
NHIA-063-096	NHIA-063-096 - Oesophageal Substitution, Diverticulum Excision	105000.00
NHIA-063-097	NHIA-063-097 - Oesophageal Transection	105000.00
NHIA-063-098	NHIA-063-098 - Oesophagectomy	105000.00
NHIA-063-099	NHIA-063-099 - Oesophagogastrectomy With Interposition of Colonic/Jejunal Segment	105000.00
NHIA-063-100	NHIA-063-100 - Oesophagostomy	105000.00
NHIA-063-101	NHIA-063-101 - Orchidectomy + Herniorraphy	105000.00
NHIA-063-102	NHIA-063-102 - Pancreatic Cystectomy	105000.00
NHIA-063-103	NHIA-063-103 - Pancreaticoduodenectomy	105000.00
NHIA-063-104	NHIA-063-104 - Pancreaticojejunostomy	105000.00
NHIA-063-105	NHIA-063-105 - Parathyroidectomy	105000.00
NHIA-063-106	NHIA-063-106 - Parodectomy	105000.00
NHIA-063-107	NHIA-063-107 - Partial Pancreatectomy	105000.00
NHIA-063-108	NHIA-063-108 - Pelvic Abscess - Open Drainage	105000.00
NHIA-063-109	NHIA-063-109 - Pelvic Evisceration	105000.00
NHIA-063-110	NHIA-063-110 - Penectomy	105000.00
NHIA-063-111	NHIA-063-111 - Penoplasty	105000.00
NHIA-063-112	NHIA-063-112 - Pericardiectomy	105000.00
NHIA-063-113	NHIA-063-113 - Pharyngectomy & Reconstruction - Total	105000.00
NHIA-063-114	NHIA-063-114 - Phytomatous Growth in the Scalp - Excision	105000.00
NHIA-063-115	NHIA-063-115 - Plastic Repair of Bladder Neck	105000.00
NHIA-063-116	NHIA-063-116 - Pleurectomy	105000.00
NHIA-063-117	NHIA-063-117 - Pleuropneumonectomy	105000.00
NHIA-063-118	NHIA-063-118 - Pneumonectomy	105000.00
NHIA-063-119	NHIA-063-119 - Portocaval Shunt/Anastomosis	105000.00
NHIA-063-120	NHIA-063-120 - Proctocolectomy, Ileostomy & Ileostomy Pouch	105000.00
NHIA-063-121	NHIA-063-121 - Prolapsed Rectum Repair	105000.00
NHIA-063-122	NHIA-063-122 - Prostatectomy [all types including Transurethral Resection of the Prostate (TURP) ]	105000.00
NHIA-063-123	NHIA-063-123 - Pulmonary Embolectomy	105000.00
NHIA-063-124	NHIA-063-124 - Pulmonary Resection	105000.00
NHIA-063-125	NHIA-063-125 - Pyelolithotomy	105000.00
NHIA-063-126	NHIA-063-126 - Pyeloromyotomy	105000.00
NHIA-063-127	NHIA-063-127 - Pyelotomy	105000.00
NHIA-063-128	NHIA-063-128 - Pyloroplasty	105000.00
NHIA-063-129	NHIA-063-129 - Radical Cystectomy	119000.00
NHIA-063-130	NHIA-063-130 - Mastectomy + Axililary Dissection	119000.00
NHIA-063-131	NHIA-063-131 - Radical Neck Dissection - Excision	119000.00
NHIA-063-132	NHIA-063-132 - Radical Pancreatectomy	119000.00
NHIA-063-133	NHIA-063-133 - Radical Prostatectomy	119000.00
NHIA-063-134	NHIA-063-134 - Reconstruction of The Ureter	126000.00
NHIA-063-135	NHIA-063-135 - Rectopexy	119000.00
NHIA-063-136	NHIA-063-136 - Recto-Urethral Fistula Closure	105000.00
NHIA-063-137	NHIA-063-137 - Rectovesical Fistula Closure	105000.00
NHIA-063-138	NHIA-063-138 - Renal Aneurysmectomy	105000.00
NHIA-063-139	NHIA-063-139 - Renal Cystectomy	105000.00
NHIA-063-140	NHIA-063-140 - Renal Decapsulation	105000.00
NHIA-063-141	NHIA-063-141 - Renopelvic Lymphatectomy	105000.00
NHIA-063-142	NHIA-063-142 - Repair of Bochidalek Diaphragmatic Congenital Defect	119000.00
NHIA-063-143	NHIA-063-143 - Repair of Bowel Perforations	105000.00
NHIA-063-144	NHIA-063-144 - Repair of Common Bile Duct	105000.00
NHIA-063-145	NHIA-063-145 - Repair of Gastric Lacerations	105000.00
NHIA-063-146	NHIA-063-146 - Repair of Oesophageal Lacerations	105000.00
NHIA-063-147	NHIA-063-147 - Repair of Splenic Laceration	105000.00
NHIA-063-148	NHIA-063-148 - Resection Anastomosis (Large Intestine)	105000.00
NHIA-063-149	NHIA-063-149 - Resection Anastomosis (Small Intestine)	105000.00
NHIA-063-150	NHIA-063-150 - Resection of Median Band Obstruction	105000.00
NHIA-063-151	NHIA-063-151 - Retroperitoneal Drainage of Perinephric Abscess	105000.00
NHIA-063-152	NHIA-063-152 - Retroperitoneal Tumor - Excision	105000.00
NHIA-063-153	NHIA-063-153 - Roux-En-Y Pancreatic Jejunostomy	105000.00
NHIA-063-154	NHIA-063-154 - Segmental Resection of Bladder Lesion	105000.00
NHIA-063-155	NHIA-063-155 - Selective Vagotomy	105000.00
NHIA-063-156	NHIA-063-156 - Resection of Sigmoid Diverticulum	105000.00
NHIA-063-157	NHIA-063-157 - Simple Closure - Peptic perforation	105000.00
NHIA-063-158	NHIA-063-158 - Splenectomy	105000.00
NHIA-063-159	NHIA-063-159 - Splenic Artery Aneurysmectomy	105000.00
NHIA-063-160	NHIA-063-160 - Splenorhaphy	105000.00
NHIA-063-161	NHIA-063-161 - Stripping And Ligation of Varicose Veins	105000.00
NHIA-063-162	NHIA-063-162 - Subcutaneous Venous Omphalo Saphenous Shunt	105000.00
NHIA-063-163	NHIA-063-163 - Super Selective Vagotomy	105000.00
NHIA-063-164	NHIA-063-164 - Surgery of Acute Intra-Abdominal Vascular Disease	105000.00
NHIA-063-165	NHIA-063-165 - Surgery of Complications of Diverticular Disease	105000.00
NHIA-063-166	NHIA-063-166 - Surgery of Complications of Pancreatitis	105000.00
NHIA-063-167	NHIA-063-167 - Surgery of Hepatic Trauma	105000.00
NHIA-063-168	NHIA-063-168 - Surgery of Intestinal Obstruction	105000.00
NHIA-063-169	NHIA-063-169 - Surgery of Seminal Vesicle	105000.00
NHIA-063-170	NHIA-063-170 - Surgery of Complications of Appendicitis	105000.00
NHIA-063-171	NHIA-063-171 - Surgical Exploration for Anorchism	105000.00
NHIA-063-172	NHIA-063-172 - Sympathectomy	105000.00
NHIA-063-173	NHIA-063-173 - Thoracoplasty	105000.00
NHIA-063-174	NHIA-063-174 - Thoracotomy	105000.00
NHIA-063-175	NHIA-063-175 - Thrombectomy by Forgarty's Catheterisation	105000.00
NHIA-063-176	NHIA-063-176 - Thyroglossal Cysts and Fistula Excision	105000.00
NHIA-063-177	NHIA-063-177 - Thyroid Lobectomy	105000.00
NHIA-063-178	NHIA-063-178 - Thyroidectomy	105000.00
NHIA-063-179	NHIA-063-179 - Subtotal Thyroidectomy	105000.00
NHIA-063-180	NHIA-063-180 - Thyroplasty	105000.00
NHIA-063-181	NHIA-063-181 - Total Pancreatectomy	105000.00
NHIA-063-182	NHIA-063-182 - Total Proctocolectomy & Ileostomy	105000.00
NHIA-063-183	NHIA-063-183 - Tracheal Resection	105000.00
NHIA-063-184	NHIA-063-184 - Tracheal Stenosis (End to End Anastamosis) (Throat)	105000.00
NHIA-063-185	NHIA-063-185 - Tracheoplasty (Throat)	105000.00
NHIA-063-186	NHIA-063-186 - Transcystotomy Excision	105000.00
NHIA-063-187	NHIA-063-187 - Transcystotomy Fulguration	105000.00
NHIA-063-188	NHIA-063-188 - Transcystotomy Lithotomy	105000.00
NHIA-063-189	NHIA-063-189 - Transduodenal Choledochal Cystectomy	105000.00
NHIA-063-190	NHIA-063-190 - Transduodenal Sphincteroplasty	105000.00
NHIA-063-191	NHIA-063-191 - Transoesophageal Variceal Ligation	105000.00
NHIA-063-192	NHIA-063-192 - Transurethral Desiccation of Congenital Meatal Stenoses	105000.00
NHIA-063-193	NHIA-063-193 - Transurethral Excision of Bladder Lesion	105000.00
NHIA-063-194	NHIA-063-194 - Transurethral Fulguration of Bladder Lesion	105000.00
NHIA-063-195	NHIA-063-195 - Urethra-Reconstruction/ Repair of Prostatic/Membraneous Urethra	105000.00
NHIA-063-196	NHIA-063-196 - Ureteral Reinplantation into The Bladder	105000.00
NHIA-063-197	NHIA-063-197 - Ureterolithotomy	105000.00
NHIA-063-198	NHIA-063-198 - Ureterosigmoidostomy With Rectal Bladder/Colostomy	119000.00
NHIA-063-199	NHIA-063-199 - Uretherectomy	105000.00
NHIA-063-200	NHIA-063-200 - Urethroplasty	105000.00
NHIA-063-201	NHIA-063-201 - Urethrotomy	105000.00
NHIA-063-202	NHIA-063-202 - Urethro-Vesicopexy, Combined Abdominal and Vaginal Approach	105000.00
NHIA-063-203	NHIA-063-203 - Uretro Vaginal Fistula Repair	119000.00
NHIA-063-204	NHIA-063-204 - Uretro Vesical Fistula Repair	119000.00
NHIA-063-205	NHIA-063-205 - Vagoplasty	119000.00
NHIA-063-206	NHIA-063-206 - Vagotomy/Pyloroplasty	119000.00
NHIA-063-207	NHIA-063-207 - Vasoplasty	119000.00
NHIA-063-208	NHIA-063-208 - Vein Patch Angioplasty	119000.00
NHIA-063-209	NHIA-063-209 - Vesical Diverticulectomy	105000.00
NHIA-063-210	NHIA-063-210 - Vesicovaginal Fistula Repair	77000.00
NHIA-063-211	NHIA-063-211 - Volvulus of Large Bowel	105000.00
NHIA-063-212	NHIA-063-212 - Vulvectomy	105000.00
NHIA-063-213	NHIA-063-213 - Warrens Shunt	105000.00
NHIA-063-214	NHIA-063-214 - Wound Debridement (Under GA)	70000.00
NHIA-063-215	NHIA-063-215 - Release of Chordae	21000.00
NHIA-063-216	NHIA-063-216 - Vagotomy with Gastrojejunostomy	119000.00
NHIA-063-218	NHIA-063-218 - Excision of Aortic Aneurysm	94900.00
NHIA-063-219	NHIA-063-219 - Flap Surgeries	94900.00
NHIA-071-001	NHIA-071-001 - Ablation of Endometriotic Spot	42000.00
NHIA-071-002	NHIA-071-002 - Adhesiolysis	140000.00
NHIA-071-003	NHIA-071-003 - Appendectomy	77000.00
NHIA-071-004	NHIA-071-004 - Cholecystectomy	84000.00
NHIA-071-005	NHIA-071-005 - Cholecystectomy and Drainage of Liver abscess	84000.00
NHIA-071-006	NHIA-071-006 - Cholecystectomy with Excision of TO Mass	77000.00
NHIA-071-007	NHIA-071-007 - Cyst Aspiration	21000.00
NHIA-071-008	NHIA-071-008 - Endometria to Endometria Anastomosis	42000.00
NHIA-071-009	NHIA-071-009 - Fimbriolysis	42000.00
NHIA-071-010	NHIA-071-010 - Hemicolectomy	84000.00
NHIA-071-011	NHIA-071-011 - Hysterectomy with bilateral SalpingoOperectomy	105000.00
NHIA-071-012	NHIA-071-012 - Incisional Hernia - Repair	105000.00
NHIA-071-013	NHIA-071-013 - Inguinal Hernia - Bilateral	105000.00
NHIA-071-014	NHIA-071-014 - Inguinal hernia - Unilateral	105000.00
NHIA-071-015	NHIA-071-015 - Intestinal resection	105000.00
NHIA-071-016	NHIA-071-016 - Myomectomy	105000.00
NHIA-071-017	NHIA-071-017 - Oophorectomy	63000.00
NHIA-071-018	NHIA-071-018 - Ovarian Cystectomy	63000.00
NHIA-071-019	NHIA-071-019 - Peritonitis	63000.00
NHIA-071-020	NHIA-071-020 - Repair of Ureterocoele	84000.00
NHIA-071-021	NHIA-071-021 - Salpingo Oophorectomy	63000.00
NHIA-071-022	NHIA-071-022 - Salpingostomy	63000.00
NHIA-071-023	NHIA-071-023 - Uterine septum	63000.00
NHIA-071-024	NHIA-071-024 - Varicocoele - Bilateral	84000.00
NHIA-071-025	NHIA-071-025 - Varicocoele - Unilateral	84000.00
NHIA-071-026	NHIA-071-026 - Bronchoscopy	49000.00
NHIA-071-027	NHIA-071-027 - Cystourethroscopy	49000.00
NHIA-071-028	NHIA-071-028 - Oesophagoscopy	49000.00
NHIA-071-029	NHIA-071-029 - Upper GI Endoscopy	49000.00
NHIA-071-030	NHIA-071-030 - Lower GI Endoscopy	70000.00
NHIA-071-031	NHIA-071-031 - Microlaryngoscopic Surgery (microlaryngoscopy)	105000.00
NHIA-071-032	NHIA-071-032 - Laparoscopic Cholecystectomy	105000.00
NHIA-081-001	NHIA-081-001 - Manual Refraction	2100.00
NHIA-081-002	NHIA-081-002 - Auto Refraction	3500.00
NHIA-081-003	NHIA-081-003 - Tonometry (Pulsair/Goldmann Applanation)	5600.00
NHIA-081-004	NHIA-081-004 - Pupillary Dilation Unilateral	2100.00
NHIA-081-005	NHIA-081-005 - Pupillary Dilation Bilateral	3500.00
NHIA-081-006	NHIA-081-006 - Indirect Ophthalmoscopy	7000.00
NHIA-081-007	NHIA-081-007 - Direct Ophthalmoscopy	2800.00
NHIA-081-008	NHIA-081-008 - Visual Field Assessment	7000.00
NHIA-081-009	NHIA-081-009 - Slit Lamp Examination	4200.00
NHIA-081-010	NHIA-081-010 - Cycloplegic Refraction	4200.00
NHIA-081-011	NHIA-081-011 - Foreign Body Removal (per eye)	7000.00
NHIA-081-012	NHIA-081-012 - Corneal Pachymetry	4200.00
NHIA-081-013	NHIA-081-013 - Keratometry	5600.00
NHIA-081-014	NHIA-081-014 - Gonioscopy	4200.00
NHIA-081-016	NHIA-081-016 - Fundus Photography	21000.00
NHIA-081-017	NHIA-081-017 - Low Vision Assessment	14000.00
NHIA-081-018	NHIA-081-018 - Colour Vision Testing	2100.00
NHIA-081-019	NHIA-081-019 - Dry Eye Assessment (Schirmer's test)	2800.00
NHIA-081-020	NHIA-081-020 - Binocular Vision Testing	2800.00
NHIA-081-021	NHIA-081-021 - Visual Rehabilitation Therapy (per session)	14000.00
NHIA-081-022	NHIA-081-022 - Fluorescein staining	700.00
NHIA-081-023	NHIA-081-023 - Eye Dressing (per session)	700.00
NHIA-081-024	NHIA-081-024 - Visual Acuity Testing	700.00
NHIA-081-025	NHIA-081-025 - OCT Scan (Per eye) - 50% partial coverage	12500.00
NHIA-091-001	NHIA-091-001 - Abscess Drainage of Lid	42000.00
NHIA-091-002	NHIA-091-002 - Anterior Chamber Reconstruction	42000.00
NHIA-091-003	NHIA-091-003 - Paracentesis (A/C Washout)	105000.00
NHIA-091-004	NHIA-091-004 - Bowman's Cautery	49000.00
NHIA-091-005	NHIA-091-005 - Buckle Removal	42000.00
NHIA-091-006	NHIA-091-006 - Canaliculo Dacryocysto Rhinostomy	42000.00
NHIA-091-007	NHIA-091-007 - Capsulotomy	42000.00
NHIA-091-008	NHIA-091-008 - Cataract + Pterygium	105000.00
NHIA-091-009	NHIA-091-009 - Cataract Removal - Bilateral	42000.00
NHIA-091-010	NHIA-091-010 - Cataract Removal - Unilateral	70000.00
NHIA-091-011	NHIA-091-011 - Chalazion Excision	28000.00
NHIA-091-012	NHIA-091-012 - Combined Cataract Extraction with Trabeculectomy	105000.00
NHIA-091-013	NHIA-091-013 - Conjunctival Laceration Repair	42000.00
NHIA-091-014	NHIA-091-014 - Conjuctivectomy And Cryoapplication	42000.00
NHIA-091-015	NHIA-091-015 - Corneal Grafting	105000.00
NHIA-091-016	NHIA-091-016 - Cryoretinopexy - Closed	105000.00
NHIA-091-017	NHIA-091-017 - Cxyoretinopexy - Open	105000.00
NHIA-091-018	NHIA-091-018 - Cyclocryoablation/Cyclocryotherapy	49000.00
NHIA-091-019	NHIA-091-019 - Dacrocystectomy With Pterygium - Excision	70000.00
NHIA-091-020	NHIA-091-020 - Dacryocystorhinostomy	105000.00
NHIA-091-021	NHIA-091-021 - Dacryocystectomy	42000.00
NHIA-091-022	NHIA-091-022 - Diode Laser Cycloablation	49000.00
NHIA-091-023	NHIA-091-023 - Diode Laser Panretinal Photocoagulation	56000.00
NHIA-091-024	NHIA-091-024 - Ectropion Correction	49000.00
NHIA-091-025	NHIA-091-025 - Endoscopic Optic Nerve Decompression	49000.00
NHIA-091-026	NHIA-091-026 - Endoscopic Optic Orbital Decompression	49000.00
NHIA-091-027	NHIA-091-027 - Entropion And Ectropion Repairs	49000.00
NHIA-091-028	NHIA-091-028 - Evisceration/Enucleation/Extenteration	98000.00
NHIA-091-029	NHIA-091-029 - Extracapsular Cataract Extraction	63000.00
NHIA-091-030	NHIA-091-030 - Granuloma Excision (the eye)	42000.00
NHIA-091-031	NHIA-091-031 - Intraocular Foreign Body Removal	42000.00
NHIA-091-032	NHIA-091-032 - Iridectomy	42000.00
NHIA-091-033	NHIA-091-033 - IRIS Prolapse - Repair	42000.00
NHIA-091-034	NHIA-091-034 - Keratoplasty	112000.00
NHIA-091-035	NHIA-091-035 - Lacrimal Probing and Syringing	21000.00
NHIA-091-036	NHIA-091-036 - Lensectomy	70000.00
NHIA-091-037	NHIA-091-037 - Limbal Dermoid Removal	28000.00
NHIA-092-001	NHIA-092-001 - Membranectomy	42000.00
NHIA-092-002	NHIA-092-002 - Paracentesis (A/C Washout)	70000.00
NHIA-092-003	NHIA-092-003 - Penetrating Keratoplasty	105000.00
NHIA-092-004	NHIA-092-004 - Perforating Corneo - Scleral Injury	105000.00
NHIA-092-005	NHIA-092-005 - Pterigium + Conjunctival Autograft	49000.00
NHIA-092-006	NHIA-092-006 - Pterygium Excision	28000.00
NHIA-092-007	NHIA-092-007 - Ptosis Repair	105000.00
NHIA-092-008	NHIA-092-008 - Radial Keratotomy	105000.00
NHIA-092-009	NHIA-092-009 - Removal of Foreign Bodies from Conjunctiva And Cornea	7000.00
NHIA-092-010	NHIA-092-010 - Retinal Detachment Surgery (Partial Coverage)	210000.00
NHIA-092-011	NHIA-092-011 - Scleral Buckling Procedures	112000.00
NHIA-092-012	NHIA-092-012 - Socket Reconstruction	105000.00
NHIA-092-013	NHIA-092-013 - Squint Surgery	70000.00
NHIA-092-014	NHIA-092-014 - Syringing And Probing	21000.00
NHIA-092-015	NHIA-092-015 - Trabeculectomy With Antimetabolites	105000.00
NHIA-092-016	NHIA-092-016 - Traumatic Canalicular Repair	70000.00
NHIA-092-017	NHIA-092-017 - Traumatic Corneal and/or Limbal/Scleral Laceration Repair	77000.00
NHIA-092-018	NHIA-092-018 - Traumatic Lid Laceration Repair	28000.00
NHIA-092-019	NHIA-092-019 - Tumour Excision from Lid	42000.00
NHIA-092-020	NHIA-092-020 - Tumours of IRIS	42000.00
NHIA-092-021	NHIA-092-021 - Vitrectomy	49000.00
NHIA-092-022	NHIA-092-022 - Vitrectomy + Retinal Detachment (Partial Coverage)	252000.00
NHIA-093-001	NHIA-093-001 - Fundus Imaging	21000.00
NHIA-093-002	NHIA-093-002 - Optical Coherence Tomography OCT per eye (Partial coverage)	42000.00
NHIA-093-003	NHIA-093-003 - Exenteration	70000.00
NHIA-093-004	NHIA-093-004 - Enucleation	28000.00
NHIA-093-005	NHIA-093-005 - Evisceration	28000.00
NHIA-093-006	NHIA-093-006 - Gonioscopy	4200.00
NHIA-093-007	NHIA-093-007 - Flourescein Angiography	42000.00
NHIA-093-008	NHIA-093-008 - Subconj. Injection	1400.00
NHIA-093-009	NHIA-093-009 - Biometry	7000.00
NHIA-093-010	NHIA-093-010 - Flourescein staining	700.00
NHIA-093-011	NHIA-093-011 - Excisional Biopsy (Conjunctival)	35000.00
NHIA-093-012	NHIA-093-012 - Excisional/incisional Biopsy	35000.00
NHIA-093-013	NHIA-093-013 - Chalazion Incision & Curretage	35000.00
NHIA-093-014	NHIA-093-014 - Lacrimal Probing & Syringing	21000.00
NHIA-093-015	NHIA-093-015 - Tonometry	1400.00
NHIA-093-016	NHIA-093-016 - Confrontation Visual Field Test (CVF)	7000.00
NHIA-093-017	NHIA-093-017 - Refraction	4200.00
NHIA-093-018	NHIA-093-018 - Pachymetry	4200.00
NHIA-093-019	NHIA-093-019 - Dilatation	2800.00
NHIA-093-020	NHIA-093-020 - Conjunctiva Foreign Body Removal	4200.00
NHIA-093-021	NHIA-093-021 - Epilation	2800.00
NHIA-093-022	NHIA-093-022 - Gonioscopy	4200.00
NHIA-093-023	NHIA-093-023 - Cornea staining	700.00
NHIA-093-024	NHIA-093-024 - Pterygium Excision	28000.00
NHIA-093-025	NHIA-093-025 - Lid Repair (All Patients) - Unilateral	16800.00
NHIA-093-026	NHIA-093-026 - Lid Repair (All Patients) - Bilateral	28000.00
NHIA-093-027	NHIA-093-027 - Phaco	140000.00
NHIA-093-028	NHIA-093-028 - Small Incision Cataract Surgery (SICS)	84000.00
NHIA-093-029	NHIA-093-029 - Extracapsular Cataract Extraction (ECCE)	70000.00
NHIA-093-030	NHIA-093-030 - Intracapsular Cataract Extraction (ICCE)	56000.00
NHIA-093-031	NHIA-093-031 - Trabeculectomy	70000.00
NHIA-093-032	NHIA-093-032 - Peripheral Iridectomy	53200.00
NHIA-093-033	NHIA-093-033 - Squint Surgery	70000.00
NHIA-101-002	NHIA-101-002 - Abreaction (Diagnostic and Forensic)	5600.00
NHIA-101-003	NHIA-101-003 - Psychiatric Assessment	7000.00
NHIA-101-004	NHIA-101-004 - Psychometric Assessment, Scoring & Interpretation	5600.00
NHIA-101-005	NHIA-101-005 - Psychotherapies Max: 10 sessions)	5600.00
NHIA-101-006	NHIA-101-006 - Behaviour Modifications	5600.00
NHIA-101-007	NHIA-101-007 - Sleep Deprivation Therapy	7000.00
NHIA-101-008	NHIA-101-008 - Electroencephalography	21000.00
NHIA-101-010	NHIA-101-010 - Personality Assessment	15000.00
NHIA-101-011	NHIA-101-011 - Violence Risk Assessment	12000.00
NHIA-111-002	NHIA-111-002 - Bed Fee (per day)	2800.00
NHIA-111-003	NHIA-111-003 - Nursing Care (per day)	1750.00
NHIA-111-004	NHIA-111-004 - Mechanical Ventilation (per day)	3500.00
NHIA-111-005	NHIA-111-005 - Oxygen therapy (per day)	10500.00
NHIA-111-006	NHIA-111-006 - Central Venous Cannulation (per session)	7000.00
NHIA-111-007	NHIA-111-007 - Endotracheal Intubation (per session)	3500.00
NHIA-111-008	NHIA-111-008 - Oxygen Therapy (per hour)	700.00
NHIA-111-009	NHIA-111-009 - Continuous Positive Airway Pressure (Moved to ICU)	3500.00
NHIA-111-010	NHIA-111-010 - Critical Care (In ICU per day)	5314.00
NHIA-111-011	NHIA-111-011 - Nebulisation per session	1050.00
NHIA-111-012	NHIA-111-012 - Gastric Lavage	1400.00
NHIA-111-013	NHIA-111-013 - Aspiration	2100.00
NHIA-111-014	NHIA-111-014 - Aspiration (USS guided)	3500.00
NHIA-111-015	NHIA-111-015 - Diagnostic Paracentesis	2100.00
NHIA-111-016	NHIA-111-016 - Therapeutic Paracentesis	7000.00
NHIA-111-017	NHIA-111-017 - Tissue Biopsies	14000.00
NHIA-111-018	NHIA-111-018 - Lumbar Puncture	2100.00
NHIA-111-019	NHIA-111-019 - Phototherapy per day	2100.00
NHIA-111-020	NHIA-111-020 - Incubator Care per day	2800.00
NHIA-111-021	NHIA-111-021 - Exchange Blood Transfusion (EBT)	21000.00
NHIA-112-001	NHIA-112-001 - Anal Dilatation	21000.00
NHIA-112-002	NHIA-112-002 - Rectal Polyp	21000.00
NHIA-112-003	NHIA-112-003 - Anal Transposition for Ectopic Anus	42000.00
NHIA-112-004	NHIA-112-004 - Hernia - Epigastric	35000.00
NHIA-112-005	NHIA-112-005 - Hernia - Umbilical	42000.00
NHIA-112-006	NHIA-112-006 - Hernia-Inguinal - Bilateral	35000.00
NHIA-112-007	NHIA-112-007 - Hernia-Inguirial -Unilateral	35000.00
NHIA-112-008	NHIA-112-008 - Orchidopexy - Unilateral)	42000.00
NHIA-112-009	NHIA-112-009 - Orchidopexy - Bilateral	84000.00
NHIA-112-010	NHIA-112-010 - Abdomino Peritoneal (Exomphalos)	70000.00
NHIA-112-011	NHIA-112-011 - Chordee Correction	70000.00
NHIA-112-012	NHIA-112-012 - Closure Colostomy	70000.00
NHIA-112-013	NHIA-112-013 - Colectomy	84000.00
NHIA-112-014	NHIA-112-014 - Colon Transplant	91000.00
NHIA-112-015	NHIA-112-015 - Cystolithotomy	84000.00
NHIA-112-016	NHIA-112-016 - Oesophageal Atresia (Fistula)	84000.00
NHIA-112-017	NHIA-112-017 - Gastrostomy	84000.00
NHIA-112-018	NHIA-112-018 - Hernia - Diaphragmatic	84000.00
NHIA-112-019	NHIA-112-019 - Meckels Diverticulectomy	84000.00
NHIA-112-020	NHIA-112-020 - Meniscectomy	84000.00
NHIA-112-021	NHIA-112-021 - Nephrolithotomy	84000.00
NHIA-112-022	NHIA-112-022 - Pyelolithotomy	84000.00
NHIA-112-023	NHIA-112-023 - Pyeloplasty	84000.00
NHIA-112-024	NHIA-112-024 - Pyloric Stenosis (Ramsted OP)	84000.00
NHIA-112-025	NHIA-112-025 - Rectal Biopsy	21000.00
NHIA-112-026	NHIA-112-026 - Colostomy	70000.00
NHIA-112-027	NHIA-112-027 - Pull Through for Hirshprung's Disease (for all stages of surgery)	140000.00
NHIA-112-028	NHIA-112-028 - Excision Biopsy	28000.00
NHIA-112-029	NHIA-112-029 - Posterior Saggital Anorectoplasty (for all stages of surgery)	140000.00
NHIA-112-030	NHIA-112-030 - Appendectomy	49000.00
NHIA-112-031	NHIA-112-031 - Hypospadias Repair	70000.00
NHIA-112-032	NHIA-112-032 - Meatotomy/Meatoplasty	28000.00
NHIA-112-033	NHIA-112-033 - *** Circumcision	7000.00
NHIA-112-034	NHIA-112-034 - Laparoscopy	49000.00
NHIA-112-035	NHIA-112-035 - Excision of Sacrococcygeal Teratoma	49000.00
NHIA-112-037	NHIA-112-037 - Urethral catheterisation	2100.00
NHIA-121-001	NHIA-121-001 - - Periapical (X-Ray)	2100.00
NHIA-121-002	NHIA-121-002 - - Bitewings (X-Ray)	2800.00
NHIA-121-003	NHIA-121-003 - - Panoramic View (X-Ray)	3500.00
NHIA-121-004	NHIA-121-004 - Scaling & Polishing - heavy (therapeutic)	4900.00
NHIA-121-005	NHIA-121-005 - Scaling & Polishing - light (therapeutic)	4200.00
NHIA-121-006	NHIA-121-006 - Curettage	1400.00
NHIA-121-007	NHIA-121-007 - Amalgam Restoration	4900.00
NHIA-121-008	NHIA-121-008 - Amalgam Restoration (Class II)	5600.00
NHIA-121-009	NHIA-121-009 - Composite Restoration	5600.00
NHIA-121-010	NHIA-121-010 - Pulpal Treatment for Children	4900.00
NHIA-121-011	NHIA-121-011 - Periodontal Gum Treatment	4200.00
NHIA-121-012	NHIA-121-012 - Fissure Selant	2800.00
NHIA-121-013	NHIA-121-013 - Fistulectomy	35000.00
NHIA-121-014	NHIA-121-014 - Sequestrectomy	14000.00
NHIA-121-015	NHIA-121-015 - Root Canal Therapy Anterior	14000.00
NHIA-121-016	NHIA-121-016 - Root Canal Therapy Posterior	21000.00
NHIA-121-017	NHIA-121-017 - Dentures	7000.00
NHIA-121-018	NHIA-121-018 - Denture (relining/repair/impression}	4200.00
NHIA-022-001	NHIA-022-001 - Release of Tongue Tie	21000.00
NHIA-022-002	NHIA-022-002 - Simple Extraction	7000.00
NHIA-022-003	NHIA-022-003 - Surgical Extraction	14000.00
NHIA-023-001	NHIA-023-001 - Adenoidectomy	42000.00
NHIA-023-002	NHIA-023-002 - Cleft Lip Repairs.	42000.00
NHIA-022-003	NHIA-022-003 - Submandibular gland excision	42000.00
NHIA-022-004	NHIA-022-004 - Superficial Parotidectomy	42000.00
NHIA-022-005	NHIA-022-005 - Thyroglossal Cyst/Fistula Excision	42000.00
NHIA-022-006	NHIA-022-006 - Tracheostomy	42000.00
NHIA-024-001	NHIA-024-001 - Autogenous Bone Graft to Mastoid Cavity	84000.00
NHIA-024-002	NHIA-024-002 - Cleft Palate Repairs.	84000.00
NHIA-024-003	NHIA-024-003 - Fenestration	84000.00
NHIA-024-004	NHIA-024-004 - Fracture Reduction of the Nose	84000.00
NHIA-024-005	NHIA-024-005 - Reduction and fFxation of Jaw fractures	84000.00
NHIA-024-006	NHIA-024-006 - Reduction and Fixation of Maxillary fractures	84000.00
NHIA-024-007	NHIA-024-007 - Major Sequestrectomy (Under GA)	84000.00
NHIA-024-008	NHIA-024-008 - Minor Sequestrectomy (Under LA)	35000.00
NHIA-024-009	NHIA-024-009 - Total parotidectomy	84000.00
NHIA-024-010	NHIA-024-010 - Fixation of fracture of the jaw	63000.00
NHIA-024-011	NHIA-024-011 - Salivary Gland - Excision	105000.00
NHIA-024-012	NHIA-024-012 - Hemi Mandibulectomy	105000.00
NHIA-024-013	NHIA-024-013 - Submandibular Mass Excision + Reconstruction	105000.00
NHIA-024-014	NHIA-024-014 - Submandibular Sialoadenectomy	105000.00
NHIA-131-001	NHIA-131-001 - Cerebrovascular Accident (per session)	2100.00
NHIA-131-002	NHIA-131-002 - Chest Conditions (per session)	2100.00
NHIA-131-003	NHIA-131-003 - Diabetic Neuropathy	2100.00
NHIA-131-004	NHIA-131-004 - Facial/Bell's Palsy	2100.00
NHIA-131-005	NHIA-131-005 - Spinal Cord Lesion	2100.00
NHIA-131-006	NHIA-131-006 - Parkinsonism	2100.00
NHIA-131-007	NHIA-131-007 - Peripheral Nerve Injuries	2100.00
NHIA-131-008	NHIA-131-008 - Sciatica	2100.00
NHIA-131-009	NHIA-131-009 - Incontinence	2100.00
NHIA-131-010	NHIA-131-010 - Nerve Root compression	2100.00
NHIA-132-001	NHIA-132-001 - Delayed Developmental Milestone	2100.00
NHIA-132-002	NHIA-132-002 - Cerebral Palsy	2100.00
NHIA-132-003	NHIA-132-003 - Erb’s Palsy (per session)	2100.00
NHIA-132-004	NHIA-132-004 - Talipes Manipulation (per session)	2100.00
NHIA-132-005	NHIA-132-005 - Injection Trauma/palsy (per session)	2100.00
NHIA-132-006	NHIA-132-006 - Congenital Hip Dislocation (per session)	2100.00
NHIA-132-007	NHIA-132-007 - Fractures (per session)	2100.00
NHIA-132-008	NHIA-132-008 - Polio Deformities (per session)	2100.00
NHIA-133-001	NHIA-133-001 - Arthritis per visit	2100.00
NHIA-133-002	NHIA-133-002 - Slipped Disc (Prolapsed Intervertebral Disc)/Low back pain per visit	2100.00
NHIA-133-003	NHIA-133-003 - Mouth Fracture	2100.00
NHIA-133-004	NHIA-133-004 - Burns	2100.00
NHIA-133-005	NHIA-133-005 - Chest Physiotherapy	2100.00
NHIA-133-006	NHIA-133-006 - Post-Surgical rehabilitation	2100.00
NHIA-133-007	NHIA-133-007 - Fractures/Dislocations/Subluxation	2100.00
NHIA-133-008	NHIA-133-008 - Spondylosis/Scoliosis	2100.00
NHIA-134-001	NHIA-134-001 - Pelvic Inflammatory Disease (PID)	2100.00
NHIA-134-002	NHIA-134-002 - Obstetrics Trauma/Paresis/Paralysis	2100.00
NHIA-134-003	NHIA-134-003 - Uterine Prolapse	2100.00
NHIA-140-001	NHIA-140-001 - Ablation of Endometrium	5600.00
NHIA-140-002	NHIA-140-002 - Hysteroscopic Tubal Cannulation	49000.00
NHIA-140-003	NHIA-140-003 - Polypectomy	49000.00
NHIA-140-004	NHIA-140-004 - Uterine Synaechia - Cutting	49000.00
NHIA-151-001	NHIA-151-001 - Repair & Transposition Nerve	98000.00
NHIA-151-002	NHIA-151-002 - Skull Traction	98000.00
NHIA-151-003	NHIA-151-003 - Subdural aspiration	98000.00
NHIA-151-004	NHIA-151-004 - Ventricular Puncture	98000.00
NHIA-151-005	NHIA-151-005 - Cervical Ribs Resection	98000.00
NHIA-151-006	NHIA-151-006 - Cranio Ventricular Shunt	98000.00
NHIA-151-007	NHIA-151-007 - Cranioplasty	98000.00
NHIA-151-008	NHIA-151-008 - Duroplasty	112000.00
NHIA-151-009	NHIA-151-009 - Local Neurectomy	112000.00
NHIA-151-010	NHIA-151-010 - Lumbar Disc (Discectomy)	112000.00
NHIA-151-011	NHIA-151-011 - Microdiscectomy - Cervical/Lumbar	112000.00
NHIA-151-012	NHIA-151-012 - Neurolysis	112000.00
NHIA-151-013	NHIA-151-013 - Peripheral Nerve Surgery	112000.00
NHIA-151-014	NHIA-151-014 - Shunt	119000.00
NHIA-151-015	NHIA-151-015 - Spine - Canal Stenosis Decompression	119000.00
NHIA-151-016	NHIA-151-016 - Spine - Disc Cervical/Lumber Discectomy	119000.00
NHIA-151-017	NHIA-151-017 - Spine - Extradural Tumour Excision	119000.00
NHIA-151-018	NHIA-151-018 - Spine - Intradural Tumour Excision	119000.00
NHIA-151-019	NHIA-151-019 - Spine - Intramedullar Tumour Excision	119000.00
NHIA-151-020	NHIA-151-020 - Temporal Rhizotomy	119000.00
NHIA-151-021	NHIA-151-021 - Trans Sphenoidal surgery	119000.00
NHIA-151-022	NHIA-151-022 - Burr hole	140000.00
NHIA-151-023	NHIA-151-023 - Carotid Endarterectomy	140000.00
NHIA-151-024	NHIA-151-024 - Craniostenosis -Decompression	140000.00
NHIA-151-025	NHIA-151-025 - Haematoma - Brain (head injuries) - Evacuation	140000.00
NHIA-151-026	NHIA-151-026 - Haematoma - Brain (hypertensive) - Evacuation	140000.00
NHIA-151-027	NHIA-151-027 - Haematoma (Child irritable subdural) - Evacuation	140000.00
NHIA-151-028	NHIA-151-028 - Laminectomy with Fusion	140000.00
NHIA-151-029	NHIA-151-029 - Repair of Meningocele - Anterior	140000.00
NHIA-151-030	NHIA-151-030 - Posterior Fossa - Decompression	140000.00
NHIA-151-031	NHIA-151-031 - Brachial Plexus - Repair	140000.00
NHIA-151-032	NHIA-151-032 - Spina Bifida - Large - Repair	140000.00
NHIA-151-033	NHIA-151-033 - Spina Bifida - Small - Repair	140000.00
NHIA-151-034	NHIA-151-034 - Spine - Anterior Decompression	140000.00
NHIA-151-035	NHIA-151-035 - Spine - Decompression & Fusion	140000.00
NHIA-151-036	NHIA-151-036 - Tumours - Supratentorial - Excision	140000.00
NHIA-151-037	NHIA-151-037 - Tumours Meninges - Gocussa - Excision	140000.00
NHIA-151-038	NHIA-151-038 - Tumours Meninges - Posterior - Excision	140000.00
NHIA-151-039	NHIA-151-039 - Aneurysm Repair	168000.00
NHIA-151-040	NHIA-151-040 - Anterior Encephalocele	140000.00
NHIA-151-041	NHIA-151-041 - Meningocele - Lumbar	140000.00
NHIA-151-042	NHIA-151-042 - Meningocele – Occipital	140000.00
